nose_left_top,nose_right_top,nose_left_bottom,nose_right_bottom,eye_triangle_left,eye_triangle_right,mouth_triangle_left,mouth_triangle_right,mouth_size,eyebrow_left_size,eyebrow_right_size,eye_left_x_size,eye_right_x_size,eye_left_y_size,eye_right_y_size,nose_tip_size,nose_left_alar_size,nose_left_alar_tip_size,upper_lip_size,under_lip_size
0.10714750734,0.0857154482808,0.156648089817,0.177569173967,0.344344916553,0.280676853648,0.370506937351,1.69683935346,1.51525966036,0.362878606824,0.281295347818,0.171024099664,0.156283797365,0.0642919143836,0.0588693560707,0.142494657302,0.209690783795,0.322735747267,0.0469281161643,0.0763484225944
